"","beta","r","logm1","logm2","sensrate","prop"
"1",0.349969,0.37119,1.84508,2.23409,0.166139,0.848316
"2",0.473938,0.889368,2.1714,0.816081,0.161811,0.965933
"3",0.472003,0.907939,3.08911,1.17449,0.143563,0.988009
"4",0.370852,0.225468,0.491357,6.13863,0.18243,0.89347
"5",0.330832,0.199757,0.345818,3.16468,0.161338,0.951471
"6",0.35013,0.735187,1.64093,2.62401,0.146693,0.952137
"7",0.32765,0.505545,1.69908,2.48202,0.192629,0.890763
"8",0.436459,0.417875,1.96194,1.54839,0.192196,0.924118
"9",0.497185,0.340546,1.96373,0.949203,0.17809,0.87928
"10",0.413742,0.325404,1.85369,1.25216,0.125212,0.981623
"11",0.405126,0.366171,1.36474,1.3196,0.14125,0.981391
"12",0.460627,0.210699,1.77923,1.83131,0.115451,0.981451
"13",0.378258,0.173224,1.46093,1.70037,0.141843,0.924555
"14",0.432728,0.543405,2.06052,2.03087,0.146266,0.952622
"15",0.430966,0.425488,2.84455,1.08828,0.153594,0.917361
"16",0.327831,0.32659,0.952031,2.17914,0.156854,0.91114
"17",0.377698,0.262152,1.41746,2.5523,0.1474,0.979883
"18",0.382701,0.18707,1.20511,2.39933,0.168529,0.986212
"19",0.4188,0.431388,1.51682,2.8972,0.186996,0.894452
"20",0.362069,0.384892,1.22009,1.33993,0.191287,0.713071
"21",0.451465,0.277352,2.61334,1.34119,0.128408,0.998122
"22",0.469125,0.296735,2.98639,0.63995,0.135985,0.989611
"23",0.462189,0.238262,2.67336,1.00279,0.121755,0.97614
"24",0.462189,0.238262,2.67336,1.00279,0.121755,0.97614
"25",0.456221,0.234901,1.78533,2.85789,0.161764,0.940965
"26",0.404685,0.234682,2.54668,1.93772,0.15217,0.923377
"27",0.404685,0.234682,2.54668,1.93772,0.15217,0.923377
"28",0.406511,0.239785,2.23587,2.5857,0.156844,0.88752
"29",0.379046,0.207523,1.86532,2.35501,0.160987,0.860025
"30",0.388056,0.505393,1.9499,2.48356,0.181577,0.7785
"31",0.352362,0.413132,1.69404,7.3018,0.15516,0.775354
"32",0.349783,0.585058,1.6486,5.63551,0.150986,0.769927
"33",0.394106,0.139689,1.0267,1.25562,0.192704,0.978495
"34",0.365092,0.227665,0.887183,3.74183,0.162171,0.990773
"35",0.352333,0.278756,0.909689,3.36464,0.18698,0.985906
"36",0.382967,0.242429,0.929675,3.70912,0.152769,0.793818
"37",0.378038,0.314733,1.00339,2.2992,0.150443,0.960246
"38",0.378038,0.314733,1.00339,2.2992,0.150443,0.960246
"39",0.441071,0.358461,2.3901,1.77607,0.171764,0.908549
"40",0.415056,0.390224,1.82154,1.32425,0.182877,0.805779
"41",0.363212,0.285824,1.78377,2.32865,0.141569,0.980868
"42",0.399291,0.392768,1.61146,3.68303,0.144457,0.969849
"43",0.439525,0.389286,1.08077,1.50143,0.159783,0.937534
"44",0.405461,0.229908,1.57778,0.996709,0.127826,0.913111
"45",0.40912,0.331125,1.44704,0.961778,0.139109,0.90933
"46",0.389541,0.372998,1.25986,1.61918,0.162507,0.988072
"47",0.408797,0.225246,1.30131,1.58782,0.157178,0.992677
"48",0.380152,0.275611,1.22841,1.39015,0.149202,0.967902
"49",0.380152,0.275611,1.22841,1.39015,0.149202,0.967902
"50",0.420479,0.377241,1.2282,1.59006,0.168003,0.902531
"51",0.427189,0.301524,1.54542,1.60432,0.156793,0.852275
"52",0.32345,0.431278,1.29311,3.58445,0.147901,0.968056
"53",0.480469,0.201,1.59839,2.21833,0.159939,0.957071
"54",0.397742,0.422426,1.89787,2.34819,0.173946,0.90829
"55",0.350363,0.563226,1.78394,3.67392,0.164482,0.885459
"56",0.351835,0.596159,1.66348,1.68931,0.177286,0.834593
"57",0.40749,0.274739,1.41303,0.948081,0.152717,0.947949
"58",0.470767,0.445459,1.47588,1.4479,0.169712,0.952369
"59",0.383112,0.288912,2.02879,1.94448,0.157096,0.995834
"60",0.497797,0.248119,1.95577,1.2398,0.120837,0.980761
"61",0.523315,0.301696,2.6362,0.737673,0.173543,0.862476
"62",0.491986,0.208108,2.99145,0.818676,0.171728,0.848998
"63",0.472691,0.263091,2.00102,2.22482,0.175491,0.95045
"64",0.45072,0.308044,2.23853,0.836966,0.138033,0.932417
"65",0.398782,0.300819,2.15027,2.05382,0.146623,0.962025
"66",0.40299,0.220438,1.96941,4.4797,0.155534,0.970353
"67",0.391954,0.446703,1.07286,1.02795,0.152224,0.904512
"68",0.377363,0.6607,1.1776,1.4404,0.16621,0.993793
"69",0.367848,0.652565,1.23044,1.84759,0.160902,0.958076
"70",0.461292,0.222029,2.28813,1.24064,0.175196,0.840922
"71",0.536292,0.345121,1.60083,1.21629,0.167064,0.954516
"72",0.563006,0.348333,1.47049,1.21392,0.171512,0.946934
"73",0.561746,0.365813,1.60208,1.01536,0.16908,0.969118
"74",0.488343,0.30187,3.28793,0.816225,0.159618,0.850617
"75",0.440043,0.422141,1.94194,1.03657,0.187391,0.865265
"76",0.449043,0.372949,1.75182,1.85045,0.193304,0.831618
"77",0.417554,0.249825,1.74133,1.66685,0.229914,0.832746
"78",0.376426,0.317909,1.831,1.63449,0.168633,0.6945
"79",0.376426,0.317909,1.831,1.63449,0.168633,0.6945
"80",0.354156,0.453808,1.47553,2.08137,0.167928,0.943289
"81",0.468478,0.345506,2.43528,1.19043,0.150734,0.982668
"82",0.378301,0.265087,1.35964,3.59826,0.157871,0.852263
"83",0.467654,0.426594,1.88868,1.10946,0.154129,0.940865
"84",0.467654,0.426594,1.88868,1.10946,0.154129,0.940865
"85",0.442523,0.390515,1.76224,0.935701,0.148348,0.927316
"86",0.442523,0.390515,1.76224,0.935701,0.148348,0.927316
"87",0.442523,0.390515,1.76224,0.935701,0.148348,0.927316
"88",0.374434,0.263018,1.23859,2.2261,0.142593,0.969374
"89",0.412048,0.480084,1.35337,1.23916,0.175024,0.966662
"90",0.380352,0.435687,1.32501,1.47923,0.162453,0.96864
"91",0.430494,0.440895,1.12485,1.37095,0.197063,0.965799
"92",0.429586,0.246239,2.00178,1.24633,0.143544,0.931269
"93",0.429586,0.246239,2.00178,1.24633,0.143544,0.931269
"94",0.321954,0.447593,0.769401,3.25991,0.175143,0.93065
"95",0.390884,0.198263,1.02132,1.42802,0.145438,0.935756
"96",0.433257,0.601178,1.53642,1.51045,0.197983,0.888417
"97",0.428496,0.272307,2.3771,1.18335,0.152432,0.863596
"98",0.428496,0.272307,2.3771,1.18335,0.152432,0.863596
"99",0.384338,0.37452,1.38112,2.57351,0.134643,0.958352
"100",0.395431,0.371275,2.32707,2.20184,0.147463,0.846534
"101",0.447488,0.357595,1.82652,2.2386,0.154816,0.974641
"102",0.426535,0.221833,1.6644,1.98478,0.139822,0.91243
"103",0.428617,0.397397,1.83855,1.66186,0.139586,0.926136
"104",0.435239,0.391516,1.91444,1.10067,0.161241,0.884352
"105",0.376079,0.21089,2.26872,2.37746,0.151945,0.905052
"106",0.353451,0.613664,2.18282,2.45324,0.164782,0.846086
"107",0.334326,0.55763,1.8631,2.26441,0.179222,0.898834
"108",0.395693,0.681026,1.62231,2.50332,0.167039,0.901355
"109",0.312262,0.78703,1.83288,2.78975,0.161134,0.826269
"110",0.439475,0.160466,1.44604,2.25817,0.128605,0.995514
"111",0.347509,0.561491,1.7629,1.9432,0.173994,0.953907
"112",0.458976,0.421734,2.21349,1.96472,0.187305,0.859559
"113",0.457393,0.295721,1.9524,1.5227,0.135245,0.993733
"114",0.447783,0.36203,2.22597,2.06208,0.150121,0.982298
"115",0.414414,0.14706,1.43396,1.42899,0.144995,0.974563
"116",0.461232,0.308776,1.26573,1.06162,0.14892,0.982859
"117",0.403328,0.494885,1.73176,2.81127,0.181074,0.840979
"118",0.39694,0.343033,1.96881,1.337,0.145459,0.99362
"119",0.392903,0.273966,2.02101,1.92672,0.134103,0.973981
"120",0.417453,0.263382,1.58321,1.8468,0.148334,0.971912
"121",0.369259,0.333795,1.62086,2.91865,0.135665,0.907335
"122",0.360154,0.286462,0.954044,1.16395,0.147877,0.890743
"123",0.359071,0.602534,2.35771,3.17914,0.162076,0.952876
"124",0.396371,0.552468,1.95424,3.68242,0.157537,0.812313
"125",0.402351,0.463835,1.61818,4.10318,0.172803,0.848448
"126",0.432933,0.0937831,1.31564,1.98279,0.167407,0.971558
"127",0.327635,0.575212,0.813047,2.60839,0.14072,0.847219
"128",0.323221,0.572868,0.815505,2.36861,0.158408,0.85648
"129",0.404193,0.572641,2.09999,1.76409,0.157504,0.997462
"130",0.319112,0.252536,0.899682,2.52308,0.160961,0.788415
"131",0.364575,0.467341,1.06354,2.02291,0.159545,0.894475
"132",0.411733,0.132704,1.46414,2.36169,0.153864,0.910263
"133",0.411268,0.57951,1.93417,1.18374,0.165293,0.959556
"134",0.388694,0.423788,1.37242,1.48922,0.156538,0.793109
"135",0.379168,0.402403,1.26949,2.66477,0.146874,0.913941
"136",0.371673,0.329797,1.20431,1.99677,0.144431,0.982872
"137",0.327803,0.299623,1.27713,1.91415,0.157149,0.996138
"138",0.426468,0.30475,1.61948,2.88368,0.158528,0.980006
"139",0.431363,0.31451,1.48748,3.34158,0.145137,0.996013
"140",0.332885,0.315763,1.18117,2.694,0.157898,0.905251
"141",0.43863,0.366934,1.31735,1.16802,0.136953,0.901409
"142",0.418365,0.282607,2.30733,2.02759,0.177651,0.964386
"143",0.447,0.244054,2.34982,2.38669,0.173324,0.981101
"144",0.403483,0.22531,1.44102,2.27092,0.145701,0.982241
"145",0.389033,0.352625,1.41045,3.05886,0.184956,0.891707
"146",0.422818,0.514819,2.35752,1.67738,0.144518,0.959484
"147",0.380521,0.373151,1.67508,1.46244,0.131407,0.999817
"148",0.397267,0.334735,1.30819,1.84058,0.114856,0.99983
"149",0.443599,0.371892,1.75789,1.72578,0.147351,0.995576
"150",0.448766,0.395931,1.79031,1.82691,0.138237,0.989811
"151",0.423872,0.221071,2.43801,1.67503,0.185477,0.786063
"152",0.367696,0.251339,2.0494,1.53075,0.170594,0.850101
"153",0.371712,0.365122,1.85596,1.23868,0.151748,0.968557
"154",0.450431,0.359763,1.68136,1.41102,0.157685,0.974097
"155",0.373419,0.47246,1.80809,1.76331,0.158222,0.889993
"156",0.389313,0.592487,1.72512,1.84949,0.164712,0.921321
"157",0.412919,0.249621,1.49114,2.54447,0.172409,0.950962
"158",0.412919,0.249621,1.49114,2.54447,0.172409,0.950962
"159",0.347757,0.29767,1.53169,1.41117,0.15667,0.915909
"160",0.391592,0.363025,1.62119,1.3979,0.165478,0.908752
"161",0.404522,0.241785,1.28713,1.22652,0.164736,0.926874
"162",0.362108,0.355219,1.15362,3.95042,0.161956,0.904868
"163",0.35672,0.219938,0.973263,1.28078,0.15894,0.966909
"164",0.409192,0.32419,1.32978,1.24194,0.156749,0.979187
"165",0.374438,0.602851,1.32114,1.77193,0.159611,0.849689
"166",0.384287,0.526219,3.01336,2.44255,0.175468,0.887919
"167",0.392345,0.436823,2.92579,3.32924,0.166597,0.855419
"168",0.393035,0.420079,1.73121,2.98899,0.205208,0.950417
"169",0.45501,0.17601,2.34233,1.19596,0.153405,0.715654
"170",0.458621,0.167006,2.08793,0.935289,0.148491,0.738161
"171",0.333411,0.365331,1.62099,2.04643,0.154934,0.985712
"172",0.434732,0.336435,1.69569,1.58986,0.159757,0.934741
"173",0.416612,0.164004,1.8457,2.53402,0.188014,0.920452
"174",0.389521,0.205043,1.78557,2.0572,0.169409,0.937592
"175",0.407262,0.487994,2.51167,1.53642,0.20185,0.75867
"176",0.405078,0.317211,2.88337,1.77923,0.191726,0.708654
"177",0.407007,0.349076,1.11426,2.40552,0.17114,0.93098
"178",0.401617,0.310323,2.72233,1.79887,0.159233,0.884095
"179",0.365328,0.221019,2.48643,1.44764,0.14435,0.973273
"180",0.474184,0.390407,2.22874,2.04611,0.151026,0.969086
"181",0.446694,0.231988,1.93408,1.0403,0.164882,0.964996
"182",0.446694,0.231988,1.93408,1.0403,0.164882,0.964996
"183",0.406839,0.299259,1.67271,2.21314,0.156243,0.962796
"184",0.436548,0.12857,1.24295,2.59542,0.170469,0.920598
"185",0.402178,0.221789,1.32664,2.44305,0.156425,0.895752
"186",0.403929,0.19591,1.45698,2.40769,0.165174,0.872004
"187",0.421581,0.23471,1.31196,3.3836,0.168245,0.844602
"188",0.410364,0.257519,1.53908,3.10171,0.166918,0.787182
"189",0.386555,0.258648,1.76549,2.11524,0.145156,0.918856
"190",0.345664,0.238158,1.42585,3.77109,0.151329,0.85434
"191",0.472253,0.221533,1.74688,2.22344,0.148681,0.991041
"192",0.33372,0.385785,1.03129,1.75805,0.129088,0.985069
"193",0.3539,0.229862,1.3388,1.80782,0.194612,0.834259
"194",0.489315,0.5427,2.30113,1.31533,0.146544,0.938908
"195",0.49449,0.477088,2.30929,0.88656,0.161753,0.864051
"196",0.502533,0.486934,2.18741,0.980989,0.17069,0.88517
"197",0.376914,0.124328,1.32485,1.60498,0.144552,0.903387
"198",0.355275,0.29026,2.10867,1.3834,0.147406,0.853424
"199",0.352033,0.287514,2.03571,1.58757,0.158764,0.798789
"200",0.435319,0.425997,1.72984,1.99516,0.132698,0.92869
"201",0.406129,0.273553,1.27585,1.09196,0.138951,0.83228
"202",0.356174,0.368133,1.16742,2.043,0.169871,0.943243
"203",0.325795,0.446692,1.12535,2.54336,0.162982,0.863071
"204",0.363423,0.401969,1.22242,3.06827,0.149598,0.933672
"205",0.382112,0.276116,0.979535,1.73725,0.170791,0.931915
"206",0.40641,0.454614,1.16798,1.50735,0.154424,0.941349
"207",0.311084,0.672785,1.73765,2.49611,0.150126,0.935281
"208",0.30434,0.67653,1.49483,1.87868,0.142379,0.756743
"209",0.311063,0.678188,1.73828,1.63615,0.146949,0.815941
"210",0.378607,0.400706,1.41176,3.05905,0.139862,0.966665
"211",0.515901,0.418723,2.67921,0.853839,0.158997,0.983652
"212",0.518706,0.371109,1.99176,0.988137,0.140916,0.947304
"213",0.414733,0.301026,1.82004,1.18692,0.196016,0.833278
"214",0.414733,0.301026,1.82004,1.18692,0.196016,0.833278
"215",0.424723,0.347579,2.09881,2.88455,0.182185,0.813148
"216",0.404543,0.3594,1.0834,1.87198,0.147366,0.924579
"217",0.323434,0.253826,0.783346,1.82907,0.155431,0.955496
"218",0.401422,0.113179,0.670281,3.54343,0.16084,0.972012
"219",0.375017,0.185869,0.646614,3.68597,0.175791,0.970645
"220",0.34164,0.130804,0.392508,1.82638,0.162034,0.935567
"221",0.299168,0.532836,0.430887,2.46292,0.182248,0.89427
"222",0.319134,0.436245,0.433093,2.83475,0.17941,0.981275
"223",0.391653,0.297813,1.20876,1.21731,0.156194,0.826262
"224",0.349128,0.550465,1.23031,2.45468,0.142927,0.972204
"225",0.428088,0.275533,1.54752,1.09329,0.177376,0.867511
"226",0.448676,0.334972,2.50592,1.22729,0.137254,0.892105
"227",0.442703,0.300536,1.93828,1.89678,0.192352,0.877492
"228",0.460857,0.178215,1.78683,4.98991,0.167729,0.97832
"229",0.421147,0.655997,1.24442,1.2021,0.140837,0.934279
"230",0.442455,0.56583,1.87944,3.03583,0.166327,0.928841
"231",0.481355,0.259946,2.58565,0.672865,0.174034,0.940113
"232",0.441159,0.404446,2.5345,1.90389,0.178881,0.977207
"233",0.451758,0.432782,1.58895,1.13188,0.185743,0.996319
"234",0.398346,0.336586,1.38138,1.41727,0.163802,0.985375
"235",0.416029,0.413944,1.30343,2.41487,0.155288,0.962181
"236",0.406612,0.316647,1.58383,1.67623,0.194036,0.970154
"237",0.453991,0.283317,1.41572,1.13427,0.190354,0.676998
"238",0.482525,0.377014,2.10552,1.75258,0.152462,0.980241
"239",0.410263,0.410423,2.10195,1.87148,0.148544,0.982091
"240",0.366558,0.330199,1.33939,0.997066,0.188463,0.951909
"241",0.366137,0.320177,1.01381,3.20263,0.203773,0.992135
"242",0.405767,0.18282,1.23399,6.47458,0.154319,0.948167
"243",0.415158,0.232962,1.12365,5.80828,0.145302,0.961458
"244",0.35548,0.13552,0.771212,3.51923,0.180449,0.983777
"245",0.401175,0.532762,2.48656,1.29821,0.143039,0.8608
"246",0.440505,0.397749,2.00192,1.96094,0.167979,0.937408
"247",0.496535,0.267998,1.54573,0.59213,0.155807,0.941677
"248",0.43825,0.22883,1.47131,1.58133,0.163627,0.884484
"249",0.385392,0.498354,1.6905,2.64555,0.145748,0.961116
"250",0.389135,0.415124,2.27329,4.01407,0.157998,0.972886
"251",0.478269,0.334809,1.55016,0.993677,0.16942,0.994341
"252",0.339688,0.418185,1.35392,5.32549,0.129664,0.844919
"253",0.447307,0.353248,2.15486,1.08962,0.183533,0.998714
"254",0.447307,0.353248,2.15486,1.08962,0.183533,0.998714
"255",0.415927,0.364454,2.39118,1.16767,0.155795,0.997318
"256",0.349066,0.271319,1.33357,2.38683,0.162172,0.72448
"257",0.456515,0.294402,2.34208,1.4071,0.155204,0.990003
"258",0.42063,0.298317,1.75297,1.61857,0.125265,0.979524
"259",0.421737,0.348564,1.09786,1.00474,0.162606,0.964704
"260",0.452651,0.230897,1.07077,0.996019,0.166951,0.95082
"261",0.309671,0.383505,1.11368,3.17341,0.157199,0.84451
"262",0.373088,0.42033,0.923698,2.20682,0.168408,0.765528
"263",0.429922,0.271412,1.25176,2.53988,0.146425,0.978326
"264",0.336346,0.317612,1.11377,2.3053,0.157971,0.832222
"265",0.487194,0.177297,2.61621,1.04198,0.139514,0.942853
"266",0.417216,0.379115,1.78324,2.08669,0.140228,0.999868
"267",0.304887,0.28882,0.915872,3.272,0.141352,0.918537
"268",0.304207,0.290302,0.870605,4.31445,0.139085,0.889532
"269",0.611507,0.228618,3.41087,1.62402,0.165581,0.92597
"270",0.472316,0.341947,1.67035,0.727075,0.170186,0.850889
"271",0.403196,0.397301,1.81921,1.57274,0.142488,0.985245
"272",0.403196,0.397301,1.81921,1.57274,0.142488,0.985245
"273",0.403327,0.360048,1.37513,1.78017,0.162919,0.896904
"274",0.409771,0.326423,2.18372,1.73926,0.18052,0.969845
"275",0.414588,0.275086,1.2055,1.47972,0.132701,0.82359
"276",0.422016,0.313244,2.14665,2.00989,0.176779,0.997163
"277",0.448229,0.345174,1.66912,1.34868,0.13374,0.981803
"278",0.430855,0.172488,1.63844,1.97496,0.156942,0.997427
"279",0.365987,0.550053,1.1546,1.3301,0.166245,0.709169
"280",0.370518,0.715299,1.51121,2.60276,0.201796,0.827814
"281",0.464183,0.202303,1.99311,5.3133,0.141279,0.996409
"282",0.398692,0.36108,1.71391,1.27901,0.157984,0.940768
"283",0.398692,0.36108,1.71391,1.27901,0.157984,0.940768
"284",0.375629,0.428715,1.79809,2.6758,0.127403,0.889645
"285",0.332849,0.431148,1.23434,2.67716,0.11834,0.902452
"286",0.349052,0.437616,1.30746,2.38177,0.118599,0.919135
"287",0.347334,0.44525,1.6613,2.22535,0.123514,0.95742
"288",0.369946,0.45529,1.30287,2.56242,0.156965,0.90787
"289",0.3476,0.399216,1.53662,1.15502,0.150702,0.93221
"290",0.4161,0.543103,1.7888,5.28101,0.173253,0.888421
"291",0.455807,0.424112,3.23953,4.29075,0.173935,0.863781
"292",0.391034,0.244515,0.617722,2.49204,0.137991,0.948967
"293",0.365802,0.447479,1.14233,1.86101,0.162666,0.995762
"294",0.35051,0.446759,1.41767,2.54553,0.175215,0.612388
"295",0.371779,0.412096,0.960597,1.3358,0.167912,0.989156
"296",0.371779,0.412096,0.960597,1.3358,0.167912,0.989156
"297",0.400614,0.663083,1.58914,1.52678,0.161701,0.926076
"298",0.426757,0.470331,1.6087,1.22062,0.153129,0.937353
"299",0.372016,0.352956,1.59001,1.31868,0.148841,0.972788
"300",0.474331,0.311158,2.09906,1.93853,0.161935,0.885063
"301",0.381991,0.261417,2.11651,2.39735,0.172205,0.912921
"302",0.397384,0.33495,1.5542,1.4782,0.182637,0.88062
"303",0.380593,0.68371,1.67659,1.97981,0.195163,0.794398
"304",0.368245,0.344613,1.40138,1.67946,0.153581,0.895353
"305",0.406397,0.334323,1.82698,1.81469,0.16771,0.956141
"306",0.459991,0.23123,1.50627,0.958556,0.211714,0.960445
"307",0.465543,0.0868223,1.2127,1.41323,0.181123,0.987831
"308",0.431716,0.0609512,1.00192,1.01465,0.180873,0.973385
"309",0.2965,0.634092,1.01461,1.92918,0.137501,0.941792
"310",0.424136,0.299943,1.39418,1.90795,0.134963,0.987707
"311",0.450662,0.370383,1.96533,1.9215,0.175486,0.865529
"312",0.369431,0.544455,2.0832,1.06975,0.157886,0.78193
"313",0.381913,0.47999,2.32233,1.08256,0.152297,0.874517
"314",0.377412,0.425113,1.86081,1.42732,0.154634,0.844396
"315",0.473383,0.322282,2.31359,3.13295,0.146804,0.96254
"316",0.409587,0.164165,1.66554,0.887566,0.128132,0.970374
"317",0.498161,0.472378,2.58081,1.04667,0.195297,0.921513
"318",0.507862,0.481415,2.77291,0.833881,0.197372,0.866975
"319",0.369745,0.373161,1.06946,3.09281,0.145717,0.999029
"320",0.368226,0.430967,1.36334,3.11394,0.153563,0.99941
"321",0.45333,0.223574,1.969,1.55587,0.194085,0.872815
"322",0.480926,0.180621,2.13135,1.05457,0.181513,0.892371
"323",0.483691,0.280393,2.54992,1.4141,0.195484,0.967803
"324",0.359157,0.334563,1.1432,1.54227,0.154018,0.989355
"325",0.364072,0.367175,1.03599,1.84303,0.155168,0.98428
"326",0.336825,0.447286,0.958335,2.52185,0.160937,0.97977
"327",0.335075,0.385784,0.975326,2.83322,0.153953,0.9741
"328",0.422394,0.264572,1.37858,1.67378,0.157156,0.93975
"329",0.387626,0.388044,1.22846,0.986316,0.148106,0.81677
"330",0.464181,0.292942,0.825687,0.689756,0.167337,0.942567
"331",0.367396,0.216686,0.502773,1.96819,0.165616,0.900103
"332",0.375279,0.364561,0.43414,1.84015,0.173551,0.919632
"333",0.329564,0.421574,0.463147,2.04528,0.177853,0.960256
"334",0.417798,0.277857,2.99661,2.26974,0.145555,0.903582
"335",0.390715,0.35283,0.915735,2.92825,0.13782,0.990023
"336",0.359789,0.379907,0.840833,2.30537,0.161027,0.979922
"337",0.351039,0.199215,0.90328,3.9759,0.128342,0.90462
"338",0.449423,0.575829,2.44111,0.770828,0.157385,0.994714
"339",0.4024,0.633925,2.21353,2.54799,0.148916,0.884344
"340",0.424629,0.405503,1.75154,1.80127,0.180299,0.962423
"341",0.428571,0.34061,1.63353,1.91669,0.170411,0.953788
"342",0.428571,0.34061,1.63353,1.91669,0.170411,0.953788
"343",0.40011,0.299392,1.8134,0.958535,0.178457,0.910037
"344",0.489681,0.280992,1.87842,0.88153,0.178334,0.95137
"345",0.484175,0.313706,1.72345,1.15207,0.150635,0.981002
"346",0.404424,0.363357,1.42348,1.95217,0.16003,0.994614
"347",0.399843,0.229288,1.21497,1.41209,0.14517,0.92833
"348",0.399843,0.229288,1.21497,1.41209,0.14517,0.92833
"349",0.428406,0.497214,1.76412,1.22508,0.182053,0.7966
"350",0.384172,0.244881,0.943057,4.03029,0.146533,0.98992
"351",0.376944,0.387111,1.03154,2.77029,0.15301,0.99025
"352",0.449009,0.376813,1.96484,1.73619,0.166798,0.92743
"353",0.491468,0.178489,2.03402,0.933504,0.166833,0.903396
"354",0.37715,0.547234,1.83577,1.62427,0.145869,0.861841
"355",0.460271,0.189397,1.54686,1.00573,0.140652,0.934003
"356",0.449395,0.432378,1.37927,1.11008,0.165218,0.990646
"357",0.41894,0.204148,1.93137,1.85525,0.121181,0.896921
"358",0.443574,0.42453,1.23063,1.61417,0.183678,0.990238
"359",0.359197,0.262752,1.47426,2.65578,0.163108,0.839647
"360",0.461494,0.26845,1.93534,2.19123,0.164613,0.955162
"361",0.461494,0.26845,1.93534,2.19123,0.164613,0.955162
"362",0.418106,0.159855,2.15772,1.64168,0.143916,0.915418
"363",0.448162,0.621798,1.74055,1.90748,0.169675,0.938097
"364",0.450671,0.556371,1.79475,1.05513,0.163391,0.967637
"365",0.378164,0.327642,1.32671,0.900641,0.147305,0.986478
"366",0.465842,0.219589,1.48058,1.51185,0.135529,0.999529
"367",0.394676,0.561331,2.28726,1.07741,0.146774,0.752432
"368",0.528278,0.139318,2.30724,2.55859,0.180422,0.982017
"369",0.345922,0.307432,1.81342,3.18799,0.144418,0.877726
"370",0.345922,0.307432,1.81342,3.18799,0.144418,0.877726
"371",0.492182,0.182849,1.57535,0.868449,0.157147,0.907829
"372",0.404563,0.348389,1.32575,3.50321,0.144834,0.985282
"373",0.334314,0.480288,1.61837,2.78537,0.15056,0.979131
"374",0.563164,0.186368,2.12189,0.690215,0.155381,0.872306
"375",0.563164,0.186368,2.12189,0.690215,0.155381,0.872306
"376",0.557546,0.205836,1.92124,0.589159,0.151604,0.938362
"377",0.329688,0.434686,1.12078,6.50604,0.171042,0.931084
"378",0.424303,0.408174,1.35866,0.755906,0.195008,0.780888
"379",0.48774,0.232735,1.86256,1.46891,0.161085,0.909408
"380",0.339849,0.371937,1.78802,2.518,0.152675,0.967349
"381",0.413239,0.42672,1.43113,1.01898,0.152133,0.985738
"382",0.438176,0.296686,1.45987,1.43365,0.150542,0.981121
"383",0.438176,0.296686,1.45987,1.43365,0.150542,0.981121
"384",0.412669,0.151895,1.36625,2.12137,0.13946,0.880862
"385",0.397304,0.174422,1.63959,1.92767,0.163258,0.848865
"386",0.429556,0.371831,1.6688,1.80412,0.157907,0.872744
"387",0.305322,0.388449,1.00051,3.17631,0.162249,0.963531
"388",0.304965,0.459114,1.12251,2.64119,0.17443,0.953304
"389",0.340363,0.616128,1.13047,1.89288,0.137907,0.987529
"390",0.357476,0.38172,2.12621,2.77998,0.143813,0.726132
"391",0.374441,0.329976,1.82916,2.07671,0.158275,0.947555
"392",0.410277,0.37415,2.07852,1.50306,0.161425,0.792592
"393",0.345787,0.255884,1.73223,3.00342,0.178982,0.880409
"394",0.415004,0.385633,1.50995,1.91058,0.192232,0.776196
"395",0.424955,0.529103,2.56056,1.41146,0.194811,0.939198
"396",0.455349,0.564024,1.51747,1.66225,0.187953,0.946916
"397",0.360137,0.799675,1.24792,2.86098,0.118119,0.887673
"398",0.307706,0.583058,1.30728,0.92724,0.137017,0.97457
"399",0.390344,0.72263,1.091,2.03288,0.119718,0.962348
"400",0.378821,0.087155,1.70022,1.89164,0.155021,0.947884
"401",0.483874,0.687547,2.47278,1.57057,0.160667,0.943759
"402",0.486051,0.62741,2.89,1.07613,0.161116,0.891639
"403",0.363636,0.152175,1.02602,3.83397,0.13408,0.988129
"404",0.388366,0.382158,0.854821,3.56691,0.15116,0.935243
"405",0.471996,0.433951,2.23365,1.42143,0.17747,0.906819
"406",0.391824,0.518855,1.19999,0.84204,0.139789,0.938344
"407",0.391039,0.417607,1.91916,3.91189,0.176645,0.900385
"408",0.462465,0.357452,1.92489,2.08377,0.157495,0.855002
"409",0.38793,0.125649,1.2281,1.25992,0.169875,0.889782
"410",0.422596,0.362743,1.4872,1.81585,0.163118,0.674009
"411",0.431732,0.325456,1.79327,2.03775,0.143957,0.999933
"412",0.364855,0.160062,0.739981,1.8873,0.154498,0.916031
"413",0.34303,0.527269,1.33275,2.64745,0.16154,0.965473
"414",0.34413,0.543866,1.95669,3.20706,0.159249,0.960116
"415",0.364583,0.518403,1.35325,1.51973,0.13232,0.926017
"416",0.410581,0.277429,2.06253,3.58989,0.15377,0.995211
"417",0.395194,0.377493,1.68639,1.68289,0.165274,0.768148
"418",0.456292,0.201044,2.0712,1.55669,0.140534,0.983672
"419",0.456426,0.245236,2.15446,1.48628,0.145871,0.9873
"420",0.472744,0.240527,1.96083,1.37214,0.138502,0.989783
"421",0.43408,0.464038,1.73185,0.983323,0.173401,0.908636
"422",0.320758,0.44019,1.96726,4.99764,0.180356,0.931539
"423",0.39867,0.272082,1.77276,2.17103,0.154368,0.92804
"424",0.399099,0.281432,1.38591,1.91375,0.16926,0.953402
"425",0.379341,0.245018,1.14202,1.15713,0.144375,0.898298
"426",0.404641,0.208247,1.03139,1.68911,0.148369,0.918982
"427",0.353203,0.49254,1.17595,3.12964,0.172007,0.882205
"428",0.374409,0.23381,0.785458,1.26347,0.150506,0.954437
"429",0.419021,0.175142,0.519754,1.41528,0.1733,0.940444
"430",0.273791,0.552587,0.939272,5.31148,0.140414,0.919635
"431",0.2752,0.549701,0.980715,4.46388,0.1405,0.909187
"432",0.37406,0.544881,1.08545,2.35224,0.201459,0.914636
"433",0.336828,0.497689,1.2323,2.25936,0.18829,0.92453
"434",0.414098,0.17327,1.08996,2.52381,0.137748,0.965232
"435",0.396565,0.109024,1.27805,1.25408,0.151633,0.977089
"436",0.449129,0.209113,1.40544,1.75725,0.147006,0.998326
"437",0.367999,0.372758,2.35923,3.85633,0.164367,0.98751
"438",0.484707,0.307111,1.44036,0.705418,0.123384,0.941785
"439",0.515057,0.262586,1.19623,0.821948,0.14009,0.974575
"440",0.36062,0.207801,1.63561,1.80366,0.133124,0.923393
"441",0.470818,0.267569,1.4348,2.00326,0.166524,0.987235
"442",0.430341,0.437846,2.10607,2.72449,0.160596,0.895383
"443",0.445801,0.342406,2.37713,3.05561,0.156767,0.743656
"444",0.379833,0.274014,1.19807,2.01055,0.184187,0.840374
"445",0.379833,0.274014,1.19807,2.01055,0.184187,0.840374
"446",0.39979,0.330572,1.65737,3.0879,0.16217,0.919562
"447",0.417667,0.222935,1.58227,1.34486,0.161392,0.919453
"448",0.433234,0.510851,1.87282,2.22515,0.164391,0.995557
"449",0.371998,0.287209,1.50682,1.97197,0.163237,0.876569
"450",0.346005,0.274896,1.6238,2.04998,0.165911,0.948578
"451",0.392391,0.365791,1.98971,0.8483,0.167662,0.971896
"452",0.445901,0.169294,1.374,5.21593,0.15531,0.907536
"453",0.372453,0.167853,1.52657,2.70804,0.158651,0.987941
"454",0.437929,0.354759,2.09708,0.95704,0.166731,0.853107
"455",0.502793,0.347319,2.14764,1.25281,0.15842,0.83722
"456",0.36512,0.229125,1.62981,2.62047,0.169098,0.961197
"457",0.422383,0.207081,1.9227,2.70451,0.153821,0.989196
"458",0.44578,0.211908,1.82904,1.07892,0.121985,0.969923
"459",0.39443,0.282837,1.55374,3.76622,0.211416,0.913695
"460",0.360067,0.463007,1.11921,1.60925,0.154717,0.920018
"461",0.453361,0.351827,1.88255,1.25971,0.196109,0.936044
"462",0.44989,0.441627,2.02294,1.25233,0.173842,0.952514
"463",0.385113,0.25633,1.29498,2.19581,0.154483,0.836871
"464",0.458065,0.380033,2.08148,1.41067,0.174173,0.955884
"465",0.487328,0.349458,1.90837,1.63653,0.15688,0.879717
"466",0.487328,0.349458,1.90837,1.63653,0.15688,0.879717
"467",0.393882,0.272891,1.08815,3.37911,0.143558,0.932861
"468",0.476531,0.11385,1.74828,3.41369,0.160765,0.969401
"469",0.472873,0.152479,2.17825,1.36416,0.203499,0.977815
"470",0.392928,0.227307,1.50185,2.47567,0.165953,0.958725
"471",0.44627,0.217989,1.83974,2.24101,0.130571,0.969829
"472",0.400089,0.469948,1.04128,1.48479,0.195386,0.844672
"473",0.366174,0.262486,1.15777,1.58274,0.203437,0.832482
"474",0.366174,0.262486,1.15777,1.58274,0.203437,0.832482
"475",0.377188,0.36967,0.964311,4.08435,0.170423,0.971623
"476",0.385969,0.41551,1.29377,5.73608,0.177677,0.965358
"477",0.362306,0.475816,1.45463,5.63597,0.173138,0.972747
"478",0.395034,0.30222,1.45784,2.68934,0.174925,0.895138
"479",0.362928,0.501833,2.13762,4.89612,0.170959,0.91306
"480",0.374293,0.391444,1.02557,1.11644,0.159145,0.912104
"481",0.39305,0.350022,1.41794,1.34586,0.145673,0.889322
"482",0.448959,0.340578,1.55633,0.88794,0.168268,0.915899
"483",0.404944,0.296023,1.35838,1.37411,0.15933,0.914033
"484",0.380479,0.401488,1.9522,2.84623,0.134818,0.976388
"485",0.463597,0.159268,1.95368,2.10732,0.173855,0.898654
"486",0.500053,0.294567,2.01615,3.58334,0.203976,0.896303
"487",0.411572,0.532298,1.84582,0.783881,0.159137,0.953658
"488",0.463879,0.342773,1.15217,1.64736,0.148533,0.965354
"489",0.368458,0.420657,1.89648,2.61373,0.160446,0.850349
"490",0.420079,0.273562,1.38008,0.966166,0.145992,0.951708
"491",0.469551,0.355463,1.79596,1.30149,0.142131,0.998187
"492",0.391031,0.294868,1.68947,1.41125,0.138569,0.878242
"493",0.507114,0.340149,2.63439,1.34879,0.193054,0.964257
"494",0.345835,0.317177,0.738975,2.35318,0.129361,0.912036
"495",0.39867,0.354601,1.5897,1.99202,0.183642,0.972519
"496",0.459145,0.285823,2.29949,1.79825,0.21858,0.826384
"497",0.398839,0.325152,1.43133,1.2888,0.180829,0.762682
"498",0.411865,0.200301,1.36168,1.17769,0.195438,0.849435
"499",0.428177,0.203136,0.899608,1.43913,0.183762,0.865798
"500",0.43183,0.40065,2.11538,0.9407,0.174244,0.846369
"501",0.450716,0.334056,1.94129,1.65108,0.146105,0.918046
"502",0.501042,0.270796,2.22273,1.40555,0.154575,0.870123
"503",0.485457,0.430215,1.48889,0.436449,0.172375,0.881221
"504",0.420548,0.500905,1.47324,0.407662,0.174129,0.878838
"505",0.444411,0.487041,1.7239,1.74117,0.163141,0.71325
"506",0.44009,0.531347,1.84967,1.38411,0.158582,0.798645
"507",0.495479,0.408276,2.02461,2.91487,0.179231,0.909223
"508",0.414958,0.25431,2.5632,1.84492,0.19225,0.860129
"509",0.387479,0.43292,1.56587,2.29887,0.147182,0.857088
"510",0.421533,0.312605,0.808539,2.33087,0.181116,0.986355
"511",0.318431,0.383341,0.985547,1.64874,0.150202,0.9546
"512",0.363426,0.381334,1.20825,1.71901,0.160396,0.828309
"513",0.402833,0.227506,1.22759,3.34381,0.162681,0.923559
"514",0.358302,0.436815,0.801594,2.23037,0.188765,0.832726
"515",0.367799,0.354769,1.29418,1.34812,0.166312,0.963311
"516",0.325613,0.489199,1.6611,1.97948,0.154289,0.796318
"517",0.387856,0.362431,1.18662,2.2794,0.154664,0.898866
"518",0.368379,0.404664,1.80384,2.06284,0.139013,0.99858
"519",0.432608,0.185214,1.68942,2.28335,0.164528,0.828443
"520",0.376726,0.343731,1.41945,1.37553,0.14358,0.970873
"521",0.409839,0.387892,0.943274,2.25315,0.15549,0.97204
"522",0.319205,0.295369,1.43199,2.4242,0.206237,0.9798
"523",0.336166,0.498145,1.30137,3.37328,0.20406,0.98521
"524",0.40371,0.219731,0.99942,2.75163,0.147872,0.935671
"525",0.374617,0.295565,0.739511,2.15004,0.171035,0.911511
"526",0.375085,0.315245,0.989655,0.911953,0.181442,0.905583
"527",0.344675,0.237291,1.01563,5.34152,0.138118,0.965195
"528",0.515349,0.385518,2.2132,0.836977,0.180717,0.821463
"529",0.504304,0.161084,1.76524,0.973996,0.15909,0.940506
"530",0.398505,0.60631,2.30709,1.75305,0.154376,0.93351
"531",0.435944,0.412773,1.61039,1.43156,0.16182,0.950548
"532",0.370297,0.295969,1.26818,3.04134,0.148066,0.932531
"533",0.390645,0.238385,1.45638,3.17424,0.145989,0.936998
"534",0.393247,0.321611,1.2903,3.28002,0.16746,0.981724
"535",0.381694,0.405515,1.13719,2.11104,0.152124,0.922825
"536",0.396142,0.19961,1.83726,1.64833,0.157092,0.791411
"537",0.405679,0.476178,1.44408,1.5365,0.199986,0.79837
"538",0.354441,0.458211,1.11679,2.43861,0.160324,0.962687
"539",0.399649,0.324225,1.60042,1.34947,0.161302,0.896909
"540",0.450601,0.210104,1.74968,2.39102,0.164628,0.960585
"541",0.408572,0.30997,1.84456,1.46367,0.172287,0.910649
"542",0.454984,0.284192,2.22845,1.14245,0.14819,0.948934
"543",0.441281,0.240446,1.33528,2.6221,0.172839,0.992566
"544",0.510718,0.307973,2.29184,1.66289,0.171102,0.984962
"545",0.484562,0.267617,1.84911,0.833503,0.158412,0.964871
"546",0.37156,0.432339,0.920312,2.58435,0.188622,0.964885
"547",0.398625,0.395657,0.970688,2.85883,0.150213,0.94411
"548",0.46587,0.453798,1.55728,1.86043,0.187401,0.958819
"549",0.427924,0.437475,1.73085,0.638475,0.159127,0.860684
"550",0.427924,0.437475,1.73085,0.638475,0.159127,0.860684
"551",0.427924,0.437475,1.73085,0.638475,0.159127,0.860684
"552",0.383012,0.743346,1.76197,1.36814,0.148331,0.974386
"553",0.425689,0.371876,1.45704,2.3845,0.221067,0.810954
"554",0.411134,0.168677,1.49674,1.16438,0.194557,0.801514
"555",0.496044,0.297349,2.25012,2.14158,0.141707,0.976803
"556",0.363385,0.254471,1.79876,3.63152,0.160515,0.978687
"557",0.435956,0.166989,1.71166,2.57364,0.163759,0.996324
"558",0.40977,0.0574408,1.21888,2.11643,0.155463,0.884985
"559",0.397523,0.100844,1.14663,1.95549,0.187009,0.844542
"560",0.405377,0.28201,2.18548,1.41433,0.161748,0.788414
"561",0.439295,0.276322,1.58239,1.96266,0.151138,0.825386
"562",0.430202,0.291629,1.60991,2.72622,0.151861,0.96258
"563",0.386876,0.263165,1.61243,3.05454,0.171355,0.951754
"564",0.43523,0.262412,1.69304,1.33689,0.181322,0.930023
"565",0.327634,0.329148,0.73612,2.27863,0.195938,0.727187
"566",0.39111,0.396778,1.06247,4.90456,0.161946,0.915604
"567",0.44915,0.364332,1.60703,1.22686,0.153382,0.905312
"568",0.44915,0.364332,1.60703,1.22686,0.153382,0.905312
"569",0.372783,0.173557,2.07541,2.09423,0.165127,0.837854
"570",0.439384,0.307672,1.08205,1.79687,0.130017,0.882194
"571",0.324496,0.361412,1.39454,2.18821,0.146856,0.961849
"572",0.385093,0.401688,1.50995,1.93641,0.185323,0.961174
"573",0.386983,0.479026,1.58835,1.98001,0.178286,0.987851
"574",0.390663,0.429078,1.10987,2.48645,0.166971,0.996027
"575",0.383139,0.291945,1.2076,1.99611,0.158887,0.995236
"576",0.337173,0.287366,1.2277,2.34869,0.143836,0.943439
"577",0.440325,0.347802,2.023,1.36264,0.166446,0.960453
"578",0.425699,0.510593,2.27138,1.06437,0.181795,0.943985
"579",0.382293,0.475194,1.73814,2.0129,0.150788,0.912156
"580",0.43533,0.195213,1.80227,1.06365,0.155927,0.868452
"581",0.433408,0.238731,1.97123,3.72918,0.148226,0.982413
"582",0.383686,0.167539,1.22444,3.33065,0.146213,0.997558
"583",0.401537,0.443544,2.0428,1.21694,0.175444,0.769365
"584",0.428601,0.452501,2.20671,1.15831,0.148742,0.922256
"585",0.41254,0.414685,2.3042,1.59667,0.132217,0.987145
"586",0.346,0.24335,0.962075,2.19435,0.191827,0.836904
"587",0.338053,0.250035,1.04697,1.84644,0.189161,0.824396
"588",0.358015,0.269416,1.06272,2.46479,0.197105,0.843432
"589",0.331676,0.321553,1.43658,2.12202,0.204252,0.723789
"590",0.347049,0.50859,1.78857,2.0667,0.1862,0.856302
"591",0.351904,0.628017,1.4871,1.87586,0.185601,0.784394
"592",0.341128,0.343811,1.1703,2.96849,0.17793,0.959755
"593",0.520974,0.231171,2.21998,2.0569,0.122871,0.962791
"594",0.44363,0.305628,2.16594,0.802883,0.175425,0.876931
"595",0.427935,0.297431,1.90667,0.931003,0.170075,0.794428
"596",0.411632,0.259849,1.71982,3.14575,0.158066,0.985124
"597",0.332722,0.366353,0.392241,3.54064,0.179488,0.904406
"598",0.294007,0.256878,0.443252,3.03484,0.17174,0.861449
"599",0.404646,0.262898,2.68067,1.91791,0.139468,0.959283
"600",0.350736,0.372083,0.596092,1.92948,0.172985,0.919557
"601",0.452948,0.357669,2.7714,2.3662,0.150372,0.944756
"602",0.458102,0.343158,2.84848,2.01228,0.150851,0.959646
"603",0.374569,0.306128,0.855364,1.70743,0.161835,0.935342
"604",0.375836,0.338241,0.811522,1.42139,0.15223,0.879861
"605",0.398347,0.109177,1.00172,1.67077,0.191138,0.853559
"606",0.40531,0.33839,1.4004,2.17407,0.182515,0.986835
"607",0.353458,0.356554,0.975097,1.88681,0.142421,0.917819
"608",0.370868,0.230695,0.862921,1.32896,0.133057,0.876078
"609",0.457315,0.171223,1.29019,1.39355,0.159689,0.957936
"610",0.330678,0.380791,0.871954,2.68812,0.177653,0.916555
"611",0.459086,0.275329,2.09289,1.35888,0.147036,0.941494
"612",0.441269,0.421023,2.25086,1.37939,0.177385,0.935186
"613",0.416213,0.359293,1.94092,1.55555,0.138302,0.784355
"614",0.409972,0.350106,1.58013,1.40685,0.144983,0.894199
"615",0.373294,0.530744,1.88145,1.69138,0.161873,0.906692
"616",0.414703,0.339588,1.58413,1.53421,0.119271,0.977859
"617",0.405504,0.398135,1.98401,1.49301,0.153804,0.942711
"618",0.449848,0.286659,1.9039,1.86107,0.164817,0.981707
"619",0.409028,0.273915,1.67488,3.52761,0.172649,0.96412
"620",0.37443,0.356109,1.47339,1.2376,0.142703,0.863153
"621",0.38612,0.450036,1.94485,1.51766,0.162641,0.905989
"622",0.393946,0.501985,1.45814,1.85857,0.161311,0.864093
"623",0.420651,0.486575,1.27788,1.12967,0.169254,0.945829
"624",0.403963,0.47842,1.29979,1.91199,0.143882,0.934706
"625",0.326868,0.470216,1.6131,2.34155,0.180719,0.89347
"626",0.575769,0.183888,2.44042,0.678581,0.153048,0.937609
"627",0.574816,0.214949,2.64782,0.459668,0.148719,0.962835
"628",0.540487,0.293338,1.69173,0.759865,0.152796,0.938847
"629",0.534631,0.332724,2.80098,0.953922,0.175842,0.948457
"630",0.359367,0.261002,0.995414,1.48609,0.132135,0.965282
"631",0.374727,0.505011,1.56703,3.12481,0.122457,0.990911
"632",0.363249,0.419796,1.71602,1.93145,0.192788,0.925522
"633",0.366433,0.37549,1.20643,4.05065,0.14543,0.825158
"634",0.333696,0.336752,1.10122,4.34778,0.152906,0.860533
"635",0.540031,0.271885,2.23496,0.779254,0.152472,0.900131
"636",0.424762,0.148366,1.65601,1.45928,0.162104,0.910367
"637",0.421097,0.371478,1.41647,1.65909,0.165152,0.912741
"638",0.365074,0.277455,1.54426,1.5307,0.172343,0.87754
"639",0.351136,0.316133,1.31811,1.82078,0.155364,0.986199
"640",0.351136,0.316133,1.31811,1.82078,0.155364,0.986199
"641",0.369609,0.390385,1.44432,3.23017,0.153077,0.974367
"642",0.375275,0.269127,0.828204,2.17725,0.170853,0.842047
"643",0.356398,0.603488,1.63872,2.80928,0.189442,0.897393
"644",0.37342,0.463785,1.84123,3.20572,0.188046,0.91029
"645",0.360202,0.411753,2.12911,1.8672,0.180601,0.913452
"646",0.382917,0.382636,0.7437,2.01659,0.128696,0.960721
"647",0.347776,0.392819,0.946017,3.07898,0.194279,0.875202
"648",0.351347,0.428401,1.04611,2.34457,0.160412,0.755912
"649",0.414279,0.27558,2.28112,2.92397,0.168002,0.991522
"650",0.430088,0.326863,1.54254,2.15693,0.138533,0.906792
"651",0.371371,0.283798,1.31738,1.47787,0.157049,0.995711
"652",0.40473,0.384707,1.7013,4.38647,0.160404,0.833395
"653",0.365507,0.374554,1.95814,0.956113,0.159852,0.93924
"654",0.484537,0.388279,1.68496,1.04448,0.134661,0.949404
"655",0.355754,0.360964,1.2004,3.95055,0.179428,0.928871
"656",0.391649,0.146976,0.832568,3.00465,0.163768,0.857361
"657",0.352458,0.202856,0.957716,2.82913,0.15265,0.800064
"658",0.3584,0.185423,0.977502,2.74863,0.154025,0.827293
"659",0.40749,0.369181,1.70965,2.19396,0.197317,0.905822
"660",0.4294,0.220813,2.58178,1.64421,0.185733,0.602097
"661",0.463221,0.261696,2.3739,1.58985,0.168627,0.918973
"662",0.456376,0.40441,1.97598,1.24683,0.170048,0.93968
"663",0.376556,0.312804,1.20443,2.25327,0.145179,0.900384
"664",0.368548,0.378658,1.35201,1.60685,0.147941,0.929477
"665",0.43848,0.245188,2.33598,1.55264,0.151558,0.984158
"666",0.481105,0.206779,2.2496,0.824872,0.136606,0.98817
"667",0.47471,0.264294,2.43634,1.39534,0.14058,0.844041
"668",0.376428,0.434005,1.45584,3.41511,0.170594,0.982925
"669",0.387494,0.366922,0.966373,2.16938,0.153406,0.886015
"670",0.447279,0.363406,2.27978,1.99263,0.179874,0.949992
"671",0.447165,0.26227,2.34286,2.02124,0.148102,0.903623
"672",0.421412,0.34489,1.47395,1.39838,0.188759,0.999137
"673",0.364271,0.482971,1.49246,1.76843,0.15634,0.999705
"674",0.371334,0.33169,1.39893,3.03425,0.145188,0.999815
"675",0.423104,0.232058,1.95348,4.10282,0.1574,0.93519
"676",0.422304,0.268813,1.8513,3.95321,0.162633,0.89143
"677",0.373387,0.298833,1.52797,1.7647,0.15238,0.929048
"678",0.548266,0.283211,2.49597,0.75877,0.160586,0.947235
"679",0.549905,0.216021,2.44864,0.583986,0.135661,0.711535
"680",0.58272,0.247267,2.2916,0.959636,0.1787,0.980898
"681",0.666971,0.295826,2.58271,0.386302,0.167061,0.736025
"682",0.378202,0.345094,1.82813,2.34829,0.158259,0.989566
"683",0.442019,0.234512,1.4818,1.8024,0.150296,0.985042
"684",0.438504,0.458994,2.03316,1.13206,0.183714,0.780192
"685",0.356396,0.66632,1.32826,2.93492,0.138149,0.983733
"686",0.398447,0.505001,2.3148,3.62971,0.141381,0.986189
"687",0.39396,0.181921,1.36281,2.62894,0.161327,0.977627
"688",0.372684,0.224139,1.40607,1.97573,0.165127,0.961233
"689",0.337033,0.24659,1.42618,1.83945,0.174407,0.920713
"690",0.411673,0.253936,1.34192,3.26867,0.176963,0.969646
"691",0.32747,0.19974,0.999202,1.60057,0.178143,0.912741
"692",0.388982,0.838829,2.33538,4.51698,0.172261,0.91218
"693",0.468034,0.611511,2.02888,2.1064,0.172002,0.934817
"694",0.390886,0.466511,2.32686,1.88661,0.160179,0.969073
"695",0.37893,0.43769,1.34053,1.21068,0.182377,0.825805
"696",0.39934,0.439466,1.0182,0.992158,0.17941,0.764765
"697",0.371509,0.288157,1.74744,3.91284,0.155887,0.972838
"698",0.371509,0.288157,1.74744,3.91284,0.155887,0.972838
"699",0.493789,0.305796,1.84049,0.635766,0.136854,0.943276
"700",0.476607,0.143903,1.88572,2.88629,0.182267,0.906378
"701",0.365034,0.15301,1.44709,1.36927,0.160411,0.949817
"702",0.442592,0.444944,1.92395,1.77754,0.181888,0.951285
"703",0.388391,0.346027,1.69635,1.65475,0.14888,0.999066
"704",0.494408,0.320565,2.08842,1.21616,0.170771,0.770043
"705",0.484645,0.269251,3.19677,0.638263,0.158422,0.876225
"706",0.426232,0.467984,1.2641,3.53541,0.171897,0.966787
"707",0.408903,0.313666,1.67685,6.20479,0.187976,0.98827
"708",0.40561,0.351968,1.75002,6.81546,0.163717,0.982653
"709",0.402322,0.204638,2.37751,2.49734,0.151142,0.961716
"710",0.558634,0.298818,1.99345,0.753822,0.160363,0.9354
"711",0.359855,0.288676,1.38449,4.65057,0.16478,0.954851
"712",0.447141,0.265368,1.54003,0.872074,0.154983,0.904022
"713",0.397115,0.497762,1.58463,2.11997,0.177099,0.960643
"714",0.441106,0.185987,1.504,1.90022,0.150034,0.90803
"715",0.326259,0.612264,0.661104,3.16735,0.162459,0.957551
"716",0.390976,0.288361,2.43904,2.65755,0.17078,0.997087
"717",0.376545,0.340665,1.20651,2.6723,0.161464,0.736612
"718",0.380258,0.536763,0.983812,2.26052,0.159494,0.993075
"719",0.392484,0.236089,1.53897,2.25308,0.159827,0.754189
"720",0.41435,0.182993,1.72391,2.89193,0.18255,0.811712
"721",0.390398,0.515526,1.53348,1.31786,0.1384,0.970836
"722",0.475924,0.277616,2.15506,1.71298,0.198902,0.963104
"723",0.382806,0.368902,1.57153,2.4238,0.1625,0.942157
"724",0.358539,0.309903,1.5032,2.4389,0.167237,0.915174
"725",0.34258,0.366361,0.811849,2.9408,0.169645,0.97204
"726",0.380372,0.243892,0.65268,3.55602,0.160507,0.96574
"727",0.310216,0.264598,0.324426,2.50287,0.164025,0.949598
"728",0.37969,0.343543,1.0069,1.98869,0.123503,0.97429
"729",0.388294,0.297069,2.18379,2.1531,0.201832,0.725174
"730",0.444459,0.342359,1.8285,2.82669,0.199155,0.840694
"731",0.319593,0.450416,1.35295,1.88173,0.136528,0.95148
"732",0.342139,0.513857,1.09557,2.32536,0.189671,0.951426
"733",0.344987,0.400585,1.09237,2.392,0.18376,0.960269
"734",0.390198,0.479648,1.20993,2.88163,0.165207,0.867702
"735",0.481127,0.248532,1.67968,1.85816,0.147351,0.958174
"736",0.446483,0.195995,1.91739,2.47972,0.160112,0.960586
"737",0.446483,0.195995,1.91739,2.47972,0.160112,0.960586
"738",0.419644,0.172698,1.87376,2.7251,0.16002,0.941455
"739",0.419644,0.172698,1.87376,2.7251,0.16002,0.941455
"740",0.609129,0.512549,1.85272,0.597692,0.16052,0.93379
"741",0.61282,0.514628,1.72606,0.999134,0.152387,0.96071
"742",0.559229,0.393394,1.5798,0.953493,0.165867,0.92188
"743",0.53309,0.277686,1.93604,0.946269,0.14613,0.97275
"744",0.362575,0.555166,0.886388,5.05857,0.165066,0.690367
"745",0.383202,0.682712,0.948457,3.92429,0.137211,0.966363
"746",0.369082,0.608401,1.11861,2.67417,0.148196,0.916064
"747",0.315005,0.469233,1.20838,2.11618,0.151371,0.920199
"748",0.460265,0.25756,1.05127,2.09884,0.195595,0.821279
"749",0.452105,0.250621,1.2166,1.61726,0.191153,0.885449
"750",0.367901,0.519465,1.78757,3.01738,0.143656,0.954343
"751",0.359095,0.275397,1.62775,4.46863,0.126929,0.950729
"752",0.394212,0.363087,1.28363,3.04593,0.140996,0.953807
"753",0.424285,0.324692,2.49591,1.177,0.144334,0.98634
"754",0.338456,0.268546,0.902386,1.84002,0.178789,0.852552
"755",0.347311,0.449005,1.58492,2.2011,0.135721,0.90032
"756",0.393524,0.195671,1.43267,2.41367,0.172592,0.978843
"757",0.410307,0.470051,2.19426,1.29866,0.189769,0.712648
"758",0.419176,0.243018,1.8428,1.73195,0.128325,0.861617
"759",0.332646,0.21763,1.82839,2.202,0.143028,0.973542
"760",0.369962,0.291468,1.92692,2.38743,0.138747,0.926553
"761",0.458063,0.293462,1.61662,2.81243,0.163865,0.958435
"762",0.368952,0.289381,2.16733,1.2977,0.1565,0.858533
"763",0.482366,0.614263,2.09417,1.86668,0.144816,0.891484
"764",0.30598,0.716573,0.421713,3.31212,0.153078,0.863998
"765",0.412739,0.168141,0.451161,1.60919,0.157144,0.954653
"766",0.377002,0.151726,0.524273,1.43022,0.145659,0.956781
"767",0.362504,0.24991,0.264073,1.22648,0.135918,0.967783
"768",0.303993,0.337101,0.155482,4.80865,0.182808,0.912962
"769",0.349643,0.229473,0.161743,2.16311,0.146245,0.98774
"770",0.349643,0.229473,0.161743,2.16311,0.146245,0.98774
"771",0.358776,0.339737,0.177163,3.52152,0.163291,0.974298
"772",0.378925,0.404442,1.05615,0.847348,0.15957,0.870851
"773",0.387472,0.446651,1.06002,0.979717,0.160498,0.957143
"774",0.408675,0.518557,1.16319,1.54364,0.152078,0.963813
"775",0.447911,0.255806,1.30088,2.35647,0.155552,0.827941
"776",0.318991,0.313286,1.49442,1.95016,0.1597,0.98443
"777",0.407037,0.36463,1.46163,1.65044,0.146881,0.983303
"778",0.365021,0.129565,1.10224,2.0295,0.146491,0.844534
"779",0.427372,0.173443,1.50156,1.9007,0.143724,0.913174
"780",0.41517,0.352422,1.50229,3.76306,0.142952,0.909736
"781",0.337314,0.57355,2.37047,2.43983,0.156693,0.837371
"782",0.394273,0.359707,1.35049,3.54293,0.185476,0.884029
"783",0.356049,0.510425,2.0707,3.65417,0.185555,0.794794
"784",0.414487,0.405707,2.15219,2.28034,0.184934,0.789567
"785",0.339267,0.430616,1.27502,1.87196,0.149809,0.923414
"786",0.358872,0.253825,0.721248,3.64917,0.158593,0.959226
"787",0.337814,0.326774,0.576495,2.09072,0.152283,0.975523
"788",0.346342,0.234459,0.480814,2.33078,0.152002,0.929035
"789",0.325218,0.406686,0.450046,2.1315,0.170267,0.862594
"790",0.328145,0.469289,0.532437,2.15977,0.162176,0.944649
"791",0.416119,0.272005,0.770709,3.27475,0.160622,0.963413
"792",0.389215,0.418357,1.07937,2.82087,0.176642,0.987337
"793",0.376316,0.299886,0.657802,2.21382,0.133702,0.884386
"794",0.330356,0.328447,0.860165,1.50063,0.124775,0.962049
"795",0.355975,0.458788,1.11445,5.04368,0.161085,0.890982
"796",0.405421,0.354626,1.78563,2.14236,0.170266,0.940243
"797",0.408375,0.513741,1.47652,1.38155,0.171178,0.936484
"798",0.450357,0.239728,1.9623,1.43744,0.121066,0.98021
"799",0.402935,0.261689,2.51219,1.26176,0.136813,0.883205
"800",0.448924,0.277931,1.44094,2.62767,0.146356,0.886218
"801",0.384969,0.163662,1.5852,1.77195,0.15845,0.855046
"802",0.471182,0.447677,2.09117,1.91971,0.164026,0.968096
"803",0.475113,0.207725,2.89074,1.25343,0.168701,0.975195
"804",0.494234,0.314834,2.30441,1.03501,0.151752,0.715623
"805",0.493153,0.262754,1.81723,1.24592,0.149882,0.784957
"806",0.471172,0.321288,2.213,0.958963,0.171157,0.82912
"807",0.471172,0.321288,2.213,0.958963,0.171157,0.82912
"808",0.49557,0.449809,1.76612,0.851292,0.159784,0.936576
"809",0.339507,0.318404,1.51573,3.30245,0.129599,0.974819
"810",0.335521,0.364584,1.42696,2.0836,0.133514,0.971159
"811",0.404588,0.655547,1.53287,0.940099,0.135089,0.819559
"812",0.447278,0.659178,1.58019,0.868889,0.145577,0.844444
"813",0.435571,0.597886,1.80855,0.721606,0.152971,0.881799
"814",0.441861,0.736134,2.08119,1.43312,0.160868,0.860352
"815",0.42915,0.722779,2.18894,1.64147,0.154508,0.872755
"816",0.457954,0.489352,2.58112,1.29915,0.147674,0.865665
"817",0.370564,0.405686,1.0432,1.97062,0.162447,0.957874
"818",0.490543,0.138826,2.61397,1.22772,0.136673,0.974992
"819",0.347174,0.58479,1.07213,1.98762,0.194427,0.835749
"820",0.375909,0.156058,0.909713,2.10638,0.12572,0.992233
"821",0.361727,0.47064,1.31755,2.53906,0.138234,0.936471
"822",0.36322,0.38246,1.33343,1.60494,0.176714,0.986923
"823",0.413211,0.341898,1.2326,1.79029,0.137612,0.966719
"824",0.368789,0.221048,1.45912,4.24777,0.169508,0.910221
"825",0.364083,0.414321,1.37883,1.24294,0.165898,0.932159
"826",0.434319,0.312588,0.944954,1.64083,0.174026,0.979169
"827",0.32304,0.397502,1.33654,3.57496,0.148215,0.961827
"828",0.378774,0.337047,1.09256,7.68844,0.172329,0.879526
"829",0.371078,0.296376,1.65749,3.5373,0.153993,0.844604
"830",0.408252,0.319667,1.6832,2.19172,0.156393,0.932405
"831",0.451378,0.210705,1.98215,2.56134,0.143371,0.971411
"832",0.412455,0.473635,2.15431,1.36571,0.142954,0.878816
"833",0.413695,0.572135,2.14684,0.89878,0.14238,0.896243
"834",0.343533,0.704719,1.56227,2.90081,0.164272,0.947854
"835",0.377278,0.250466,1.58916,2.04118,0.148071,0.826554
"836",0.431138,0.523859,1.7658,1.10415,0.167288,0.938107
"837",0.504114,0.227748,1.42938,0.660338,0.14253,0.897569
"838",0.374524,0.34335,1.5698,4.54188,0.172369,0.949214
"839",0.44122,0.343046,1.72756,0.803167,0.163461,0.921249
"840",0.386811,0.477213,2.0703,3.39465,0.164188,0.910431
"841",0.36458,0.221832,0.858442,1.99308,0.171161,0.837883
"842",0.360502,0.593469,1.52276,2.94551,0.148414,0.992713
"843",0.3303,0.674324,1.02984,2.03377,0.169084,0.989342
"844",0.382445,0.233998,1.01573,3.08135,0.137136,0.894803
"845",0.452888,0.34031,2.08496,1.88102,0.161798,0.896415
"846",0.393228,0.188302,1.92705,2.41205,0.151023,0.901831
"847",0.457027,0.310388,1.89615,1.88348,0.127946,0.988439
"848",0.399213,0.117895,1.39307,1.44197,0.156233,0.832675
"849",0.485488,0.485417,1.64008,0.562841,0.174676,0.990904
"850",0.387647,0.260291,1.94148,2.81837,0.173089,0.998244
"851",0.426086,0.502392,1.68939,3.3362,0.171896,0.992271
"852",0.428907,0.181213,2.27916,0.736067,0.140184,0.853456
"853",0.482838,0.184492,1.95321,1.4348,0.162599,0.938678
"854",0.473079,0.403756,2.34457,1.63149,0.157301,0.990718
"855",0.431349,0.276281,1.44642,1.18548,0.162484,0.815782
"856",0.427281,0.263796,1.61169,1.79136,0.161218,0.813689
"857",0.402159,0.366978,1.70976,1.46639,0.181725,0.930946
"858",0.33292,0.476363,1.35628,2.28478,0.151797,0.955375
"859",0.397203,0.143205,0.853042,1.80874,0.157045,0.992634
"860",0.380145,0.14954,1.07226,1.87467,0.147861,0.950035
"861",0.462312,0.122688,1.04664,0.674073,0.166265,0.937402
"862",0.479746,0.208131,1.16328,1.00857,0.172321,0.97095
"863",0.406416,0.401195,1.78782,1.43257,0.177294,0.826217
"864",0.350952,0.223344,0.692201,2.47087,0.151645,0.996448
"865",0.37394,0.155342,0.689714,5.33728,0.156148,0.993708
"866",0.36289,0.21026,0.539321,4.82045,0.161163,0.978268
"867",0.351703,0.260337,0.552652,4.86839,0.166197,0.995052
"868",0.35408,0.388817,0.527599,3.57721,0.13492,0.888041
"869",0.394674,0.443123,0.757403,1.69302,0.201172,0.910799
"870",0.408459,0.306743,2.11233,2.5359,0.134859,0.966231
"871",0.356714,0.344991,1.56432,2.13196,0.153298,0.851175
"872",0.413505,0.227159,1.29729,2.94175,0.155419,0.996004
"873",0.481846,0.227663,1.86159,0.724586,0.165256,0.986001
"874",0.439539,0.155569,1.57856,2.29487,0.149257,0.976324
"875",0.333541,0.434012,1.0106,3.56563,0.196198,0.856031
"876",0.403847,0.27008,1.33139,2.03753,0.159232,0.974355
"877",0.385873,0.166804,1.54429,3.5904,0.159292,0.946726
"878",0.387685,0.267268,1.24427,3.39401,0.138083,0.978252
"879",0.403143,0.317496,1.27522,3.82655,0.139738,0.998886
"880",0.405455,0.530831,1.36846,1.91221,0.203705,0.819717
"881",0.457501,0.423187,1.83191,1.92706,0.13348,0.992534
"882",0.433878,0.136786,2.22544,1.70068,0.177621,0.954049
"883",0.329792,0.581126,1.06122,3.33112,0.151766,0.87756
"884",0.363757,0.630456,1.12358,2.63343,0.155916,0.702947
"885",0.329944,0.681661,1.15777,1.99445,0.17833,0.875898
"886",0.351474,0.322381,1.11544,2.56108,0.144396,0.893438
"887",0.520863,0.338479,2.2988,1.38248,0.162651,0.962753
"888",0.36843,0.377074,1.55281,0.954235,0.155263,0.745742
"889",0.388098,0.369697,2.38903,1.77707,0.19509,0.939747
"890",0.441633,0.405786,1.91576,2.38716,0.17394,0.897907
"891",0.406368,0.417803,2.02926,1.93803,0.180836,0.931083
"892",0.42698,0.347173,1.82338,1.48256,0.171438,0.820727
"893",0.446939,0.384119,1.73597,1.55306,0.164736,0.91235
"894",0.400897,0.461195,1.68198,1.24828,0.164267,0.95686
"895",0.400897,0.461195,1.68198,1.24828,0.164267,0.95686
"896",0.446293,0.286865,1.43889,0.863729,0.197433,0.974687
"897",0.492966,0.347896,2.13951,1.68038,0.190532,0.984718
"898",0.49694,0.306762,2.15304,1.32146,0.171736,0.960174
"899",0.499915,0.430028,2.25993,0.849592,0.175821,0.80518
"900",0.46383,0.291439,2.95893,1.03881,0.166703,0.83562
"901",0.440436,0.222644,2.09101,1.78363,0.165896,0.818537
"902",0.372114,0.309487,1.40143,1.72726,0.16624,0.896864
"903",0.405107,0.7082,3.15489,2.69939,0.145022,0.907323
"904",0.381279,0.153913,0.511637,1.44819,0.150157,0.873178
"905",0.316512,0.40753,0.349853,3.85966,0.172468,0.963237
"906",0.288168,0.485184,0.376931,5.74007,0.160215,0.831779
"907",0.688256,0.247989,3.32938,0.547384,0.134939,0.943325
"908",0.449814,0.37793,1.5597,0.940881,0.18463,0.987116
"909",0.569051,0.22041,2.42244,1.01673,0.16935,0.999294
"910",0.427066,0.490003,1.86597,0.916227,0.145109,0.737116
"911",0.394272,0.420309,1.9474,2.57113,0.14995,0.983594
"912",0.403774,0.449133,1.96164,2.92876,0.147577,0.94112
"913",0.384452,0.344304,1.43973,1.21465,0.142693,0.946766
"914",0.35501,0.248763,0.801637,1.50544,0.179589,0.913083
"915",0.35501,0.248763,0.801637,1.50544,0.179589,0.913083
"916",0.37087,0.411169,0.568396,1.90287,0.164459,0.922478
"917",0.348488,0.379859,1.42483,2.89371,0.148182,0.943022
"918",0.327806,0.294446,1.56792,3.2947,0.150672,0.91998
"919",0.471817,0.337669,1.75644,1.62304,0.198686,0.805826
"920",0.452553,0.359537,2.39195,1.80267,0.186111,0.831132
"921",0.379171,0.273521,0.766174,3.00053,0.145495,0.995944
"922",0.444201,0.283258,2.40643,1.98854,0.208921,0.899539
"923",0.35223,0.49705,1.1418,2.40374,0.112936,0.993169
"924",0.35223,0.49705,1.1418,2.40374,0.112936,0.993169
"925",0.372436,0.283928,0.966838,2.02273,0.133459,0.959058
"926",0.362803,0.347858,1.38223,3.6154,0.141092,0.995334
"927",0.362803,0.347858,1.38223,3.6154,0.141092,0.995334
"928",0.43727,0.562041,2.44609,2.06684,0.170262,0.966854
"929",0.465439,0.224849,1.57189,0.777102,0.146323,0.964617
"930",0.42589,0.304194,1.59523,1.19061,0.175179,0.940031
"931",0.428828,0.347136,1.45797,1.75281,0.154698,0.942976
"932",0.354355,0.184775,0.652153,2.21728,0.168312,0.944831
"933",0.391455,0.368214,1.3427,1.66547,0.202915,0.728933
"934",0.387395,0.251305,1.1775,2.16146,0.154222,0.956944
"935",0.447239,0.284415,2.45028,1.98861,0.174332,0.813119
"936",0.456895,0.446961,2.44684,2.59673,0.172252,0.919849
"937",0.35455,0.395131,1.62505,1.02937,0.182773,0.731121
"938",0.415121,0.342641,1.80002,3.12635,0.155404,0.960707
"939",0.413104,0.42995,2.29895,1.4173,0.175861,0.755643
"940",0.413104,0.42995,2.29895,1.4173,0.175861,0.755643
"941",0.358024,0.780855,1.29904,1.41035,0.168575,0.86452
"942",0.345464,0.688438,1.04519,1.73978,0.164792,0.904413
"943",0.357493,0.598268,1.13243,1.87581,0.183054,0.904224
"944",0.477209,0.347103,1.83596,0.886913,0.147066,0.99284
"945",0.435146,0.291428,1.86319,1.08362,0.142974,0.969127
"946",0.435146,0.291428,1.86319,1.08362,0.142974,0.969127
"947",0.43017,0.165709,1.68967,2.49532,0.16169,0.864198
"948",0.449357,0.382617,1.23327,1.10048,0.17487,0.949437
"949",0.432128,0.369466,2.50247,1.56708,0.161293,0.967756
"950",0.356135,0.2417,0.672216,2.85778,0.169516,0.949059
"951",0.339512,0.479124,0.638913,1.75201,0.15041,0.912781
"952",0.394707,0.314051,1.8412,3.01652,0.171131,0.982929
"953",0.350941,0.270055,2.0801,2.57972,0.175495,0.957238
"954",0.446786,0.371118,1.85399,3.13931,0.148996,0.86504
"955",0.342677,0.320027,1.31263,1.52238,0.176834,0.962636
"956",0.386794,0.540639,1.01745,1.64576,0.159953,0.888423
"957",0.332821,0.273741,0.803775,2.30198,0.15171,0.95879
"958",0.463113,0.35826,2.50858,1.12945,0.16236,0.87923
"959",0.463113,0.35826,2.50858,1.12945,0.16236,0.87923
"960",0.448655,0.39148,2.94004,1.2334,0.157348,0.924709
"961",0.428394,0.239829,1.21809,1.04844,0.15347,0.963693
"962",0.428394,0.239829,1.21809,1.04844,0.15347,0.963693
"963",0.381514,0.339935,1.01536,1.90534,0.155009,0.988672
"964",0.385356,0.349069,1.54448,3.43819,0.174155,0.898081
"965",0.378265,0.45449,2.02051,4.19812,0.151665,0.924595
"966",0.406012,0.265648,1.26156,1.05399,0.165803,0.969502
"967",0.427922,0.218477,1.38564,1.89334,0.15786,0.983918
"968",0.404542,0.301513,1.74537,1.6934,0.140909,0.998159
"969",0.504673,0.402137,1.58278,0.838725,0.144989,0.999589
"970",0.501374,0.411726,1.46988,0.957476,0.148843,0.998933
"971",0.458249,0.213862,1.80294,0.547082,0.162649,0.991111
"972",0.480466,0.303999,1.79599,0.744161,0.170846,0.990845
"973",0.382131,0.249074,1.57215,2.18719,0.187119,0.922305
"974",0.374233,0.584217,1.74344,2.20084,0.14222,0.933768
"975",0.357402,0.636945,2.01294,2.42652,0.144983,0.978074
"976",0.478278,0.387682,2.30836,1.22481,0.160697,0.910285
"977",0.43954,0.42388,1.7235,1.06396,0.150016,0.96354
"978",0.382195,0.23445,1.29147,2.36948,0.143696,0.99581
"979",0.393485,0.3517,1.4329,2.11515,0.16465,0.898979
"980",0.372658,0.417384,2.18191,3.05287,0.151994,0.972586
"981",0.338525,0.248344,0.251688,2.44112,0.18476,0.946779
"982",0.292679,0.318768,0.21322,2.23377,0.153136,0.988044
"983",0.411538,0.281373,3.55378,1.82181,0.172439,0.849697
"984",0.491212,0.423003,1.30344,0.95097,0.154867,0.978665
"985",0.405808,0.369221,1.29409,3.78056,0.184849,0.945309
"986",0.412716,0.060464,1.23537,1.37362,0.146077,0.957192
"987",0.502678,0.0966881,1.94979,3.80294,0.160117,0.981801
"988",0.509875,0.108534,2.46572,6.26534,0.159941,0.993821
"989",0.485532,0.125377,2.48087,6.60329,0.151077,0.98568
"990",0.3304,0.453078,1.45911,2.90766,0.136999,0.89097
"991",0.392733,0.351269,0.802624,2.08217,0.18077,0.982834
"992",0.434244,0.308028,2.49412,0.931064,0.155272,0.991803
"993",0.470219,0.694482,1.53571,1.41529,0.159222,0.989321
"994",0.46468,0.657482,1.42477,1.22385,0.156355,0.993805
"995",0.413587,0.489219,1.82637,1.01361,0.146647,0.978342
"996",0.388015,0.68824,1.93583,1.69948,0.168362,0.998237
"997",0.421257,0.359617,1.15605,1.87003,0.151646,0.989347
"998",0.360947,0.373179,1.72081,3.26675,0.142806,0.87218
"999",0.409402,0.185037,1.1325,3.47781,0.159437,0.975071
"1000",0.405878,0.207104,1.1569,4.31177,0.157556,0.974964
